transaction_id,store_id,store_name,date,product_id,product_name,quantity,unit_price,total,customer_id,promo_code
1001,2,Suburb,2025-10-20,506,Highlighter,6,0.9,5.4,2005,DISC10
1002,3,Airport,2025-10-18,501,Notebook,10,3.5,35.0,2091,DISC5
1003,1,Downtown,2025-10-21,505,Marker,8,1.75,14.0,2023,DISC10
1004,1,Downtown,2025-10-07,503,Stapler,4,5.25,21.0,2033,
1005,2,Suburb,2025-10-04,503,Stapler,1,5.25,5.25,2045,
1006,3,Airport,2025-10-23,501,Notebook,4,3.5,14.0,2000,DISC10
1007,3,Airport,2025-10-03,501,Notebook,10,3.5,35.0,2084,DISC5
1008,1,Downtown,2025-10-07,502,Pen,6,0.8,4.8,2000,
1009,1,Downtown,2025-10-29,501,Notebook,1,3.5,3.5,2048,
1010,1,Downtown,2025-10-04,503,Stapler,8,5.25,42.0,2051,DISC10
1011,2,Suburb,2025-10-11,505,Marker,7,1.75,12.25,2060,DISC5
1012,3,Airport,2025-10-13,506,Highlighter,7,0.9,6.3,2070,DISC5
1013,1,Downtown,2025-10-03,502,Pen,6,0.8,4.8,2004,DISC10
1014,1,Downtown,2025-10-06,505,Marker,4,1.75,7.0,2097,DISC5
1015,2,Suburb,2025-10-20,504,Folder,1,1.2,1.2,2029,DISC10
1016,1,Downtown,2025-10-26,504,Folder,5,1.2,6.0,2047,DISC10
1017,2,Suburb,2025-10-27,501,Notebook,9,3.5,31.5,2001,DISC5
1018,1,Downtown,2025-10-26,503,Stapler,6,5.25,31.5,2090,
1019,3,Airport,2025-10-30,502,Pen,4,0.8,3.2,2044,
1020,1,Downtown,2025-10-12,503,Stapler,10,5.25,52.5,2061,DISC10
1021,1,Downtown,2025-10-29,502,Pen,8,0.8,6.4,2085,
1022,2,Suburb,2025-10-11,501,Notebook,7,3.5,24.5,2072,
1023,2,Suburb,2025-10-12,501,Notebook,3,3.5,10.5,2073,DISC5
1024,3,Airport,2025-10-28,503,Stapler,6,5.25,31.5,2059,
1025,3,Airport,2025-10-22,503,Stapler,8,5.25,42.0,2035,DISC5
1026,1,Downtown,2025-10-17,503,Stapler,4,5.25,21.0,2079,
1027,2,Suburb,2025-10-21,501,Notebook,8,3.5,28.0,2089,DISC10
1028,3,Airport,2025-10-16,501,Notebook,6,3.5,21.0,2090,
1029,3,Airport,2025-10-16,503,Stapler,9,5.25,47.25,2054,
1030,3,Airport,2025-10-28,506,Highlighter,10,0.9,9.0,2049,DISC10
1031,2,Suburb,2025-10-17,505,Marker,4,1.75,7.0,2086,DISC5
1032,3,Airport,2025-10-31,502,Pen,1,0.8,0.8,2012,DISC10
1033,1,Downtown,2025-10-19,504,Folder,8,1.2,9.6,2068,DISC10
1034,2,Suburb,2025-10-09,505,Marker,7,1.75,12.25,2080,DISC10
1035,2,Suburb,2025-10-20,505,Marker,3,1.75,5.25,2098,DISC10
1036,3,Airport,2025-10-21,506,Highlighter,7,0.9,6.3,2046,DISC5
1037,2,Suburb,2025-10-17,503,Stapler,8,5.25,42.0,2022,DISC5
1038,3,Airport,2025-10-15,503,Stapler,4,5.25,21.0,2074,
1039,2,Suburb,2025-10-15,502,Pen,3,0.8,2.4,2026,DISC10
1040,2,Suburb,2025-10-03,502,Pen,10,0.8,8.0,2005,
1041,1,Downtown,2025-10-01,501,Notebook,2,3.5,7.0,2068,DISC5
1042,1,Downtown,2025-10-06,503,Stapler,8,5.25,42.0,2043,DISC10
1043,3,Airport,2025-10-04,502,Pen,10,0.8,8.0,2096,
1044,3,Airport,2025-10-22,503,Stapler,1,5.25,5.25,2077,
1045,2,Suburb,2025-10-02,503,Stapler,10,5.25,52.5,2018,
1046,3,Airport,2025-10-06,502,Pen,2,0.8,1.6,2092,
1047,3,Airport,2025-10-30,506,Highlighter,4,0.9,3.6,2038,DISC5
1048,3,Airport,2025-10-24,503,Stapler,3,5.25,15.75,2042,DISC10
1049,3,Airport,2025-10-12,506,Highlighter,10,0.9,9.0,2095,
1050,2,Suburb,2025-10-26,501,Notebook,7,3.5,24.5,2065,DISC5
1051,3,Airport,2025-10-27,504,Folder,1,1.2,1.2,2100,DISC10
1052,3,Airport,2025-10-09,503,Stapler,9,5.25,47.25,2070,
1053,3,Airport,2025-10-09,505,Marker,10,1.75,17.5,2091,
1054,1,Downtown,2025-10-30,502,Pen,8,0.8,6.4,2024,DISC10
1055,1,Downtown,2025-10-22,503,Stapler,8,5.25,42.0,2061,DISC5
1056,1,Downtown,2025-10-22,506,Highlighter,3,0.9,2.7,2038,
1057,1,Downtown,2025-10-04,501,Notebook,1,3.5,3.5,2000,DISC10
1058,3,Airport,2025-10-01,504,Folder,4,1.2,4.8,2000,DISC5
1059,2,Suburb,2025-10-18,506,Highlighter,6,0.9,5.4,2004,
1060,1,Downtown,2025-10-01,501,Notebook,7,3.5,24.5,2002,
1061,1,Downtown,2025-10-07,501,Notebook,7,3.5,24.5,2056,
1062,1,Downtown,2025-10-19,505,Marker,5,1.75,8.75,2092,
1063,2,Suburb,2025-10-09,501,Notebook,10,3.5,35.0,2095,DISC5
1064,3,Airport,2025-10-17,503,Stapler,8,5.25,42.0,2032,
1065,1,Downtown,2025-10-22,504,Folder,1,1.2,1.2,2020,DISC10
1066,3,Airport,2025-10-16,503,Stapler,1,5.25,5.25,2007,DISC10
1067,3,Airport,2025-10-16,502,Pen,7,0.8,5.6,2015,DISC5
1068,1,Downtown,2025-10-05,504,Folder,1,1.2,1.2,2049,DISC5
1069,2,Suburb,2025-10-15,505,Marker,7,1.75,12.25,2047,DISC10
1070,2,Suburb,2025-10-11,502,Pen,8,0.8,6.4,2034,DISC5
1071,3,Airport,2025-10-31,503,Stapler,6,5.25,31.5,2017,
1072,2,Suburb,2025-10-03,506,Highlighter,5,0.9,4.5,2012,
1073,1,Downtown,2025-10-16,504,Folder,3,1.2,3.6,2041,DISC5
1074,3,Airport,2025-10-25,504,Folder,2,1.2,2.4,2098,DISC5
1075,2,Suburb,2025-10-12,502,Pen,3,0.8,2.4,2030,
1076,3,Airport,2025-10-08,504,Folder,7,1.2,8.4,2046,DISC5
1077,1,Downtown,2025-10-04,501,Notebook,3,3.5,10.5,2044,
1078,2,Suburb,2025-10-16,504,Folder,7,1.2,8.4,2044,DISC5
1079,3,Airport,2025-10-16,504,Folder,4,1.2,4.8,2018,DISC5
1080,2,Suburb,2025-10-27,505,Marker,6,1.75,10.5,2011,
1081,1,Downtown,2025-10-04,501,Notebook,9,3.5,31.5,2092,DISC5
1082,1,Downtown,2025-10-07,506,Highlighter,9,0.9,8.1,2078,
1083,2,Suburb,2025-10-10,502,Pen,8,0.8,6.4,2072,DISC10
1084,2,Suburb,2025-10-05,505,Marker,4,1.75,7.0,2017,DISC5
1085,1,Downtown,2025-10-10,504,Folder,6,1.2,7.2,2099,DISC10
1086,2,Suburb,2025-10-07,502,Pen,10,0.8,8.0,2043,
1087,1,Downtown,2025-10-05,502,Pen,3,0.8,2.4,2065,DISC10
1088,1,Downtown,2025-10-29,506,Highlighter,7,0.9,6.3,2100,
1089,3,Airport,2025-10-03,506,Highlighter,9,0.9,8.1,2100,
1090,3,Airport,2025-10-16,502,Pen,8,0.8,6.4,2094,DISC10
1091,3,Airport,2025-10-12,503,Stapler,7,5.25,36.75,2030,
1092,2,Suburb,2025-10-03,504,Folder,6,1.2,7.2,2087,DISC10
1093,2,Suburb,2025-10-07,506,Highlighter,8,0.9,7.2,2003,DISC10
1094,1,Downtown,2025-10-10,506,Highlighter,2,0.9,1.8,2027,
1095,2,Suburb,2025-10-20,502,Pen,7,0.8,5.6,2072,DISC10
1096,1,Downtown,2025-10-04,503,Stapler,6,5.25,31.5,2061,DISC10
1097,1,Downtown,2025-10-26,504,Folder,5,1.2,6.0,2017,
1098,3,Airport,2025-10-31,506,Highlighter,1,0.9,0.9,2052,
1099,3,Airport,2025-10-29,502,Pen,5,0.8,4.0,2091,DISC5
1100,1,Downtown,2025-10-08,501,Notebook,10,3.5,35.0,2043,
1101,2,Suburb,2025-10-21,501,Notebook,4,3.5,14.0,2093,
1102,2,Suburb,2025-10-11,503,Stapler,10,5.25,52.5,2077,
1103,3,Airport,2025-10-10,506,Highlighter,7,0.9,6.3,2051,
1104,3,Airport,2025-10-31,501,Notebook,10,3.5,35.0,2012,DISC10
1105,3,Airport,2025-10-09,501,Notebook,4,3.5,14.0,2040,DISC5
1106,3,Airport,2025-10-18,505,Marker,3,1.75,5.25,2071,DISC10
1107,2,Suburb,2025-10-20,506,Highlighter,4,0.9,3.6,2054,
1108,2,Suburb,2025-10-30,502,Pen,1,0.8,0.8,2034,DISC5
1109,2,Suburb,2025-10-16,503,Stapler,2,5.25,10.5,2035,
1110,3,Airport,2025-10-04,504,Folder,8,1.2,9.6,2062,DISC5
1111,1,Downtown,2025-10-16,504,Folder,3,1.2,3.6,2008,DISC5
1112,1,Downtown,2025-10-10,502,Pen,10,0.8,8.0,2080,DISC10
1113,2,Suburb,2025-10-14,504,Folder,3,1.2,3.6,2077,DISC5
1114,3,Airport,2025-10-15,504,Folder,1,1.2,1.2,2095,DISC5
1115,1,Downtown,2025-10-05,506,Highlighter,3,0.9,2.7,2048,DISC5
1116,1,Downtown,2025-10-06,503,Stapler,3,5.25,15.75,2036,DISC5
1117,1,Downtown,2025-10-18,501,Notebook,2,3.5,7.0,2013,DISC10
1118,3,Airport,2025-10-22,506,Highlighter,7,0.9,6.3,2049,DISC10
1119,2,Suburb,2025-10-04,506,Highlighter,2,0.9,1.8,2043,DISC10
1120,1,Downtown,2025-10-11,505,Marker,3,1.75,5.25,2072,
1121,3,Airport,2025-10-14,504,Folder,3,1.2,3.6,2065,DISC5
1122,1,Downtown,2025-10-16,502,Pen,1,0.8,0.8,2045,DISC10
1123,1,Downtown,2025-10-07,503,Stapler,3,5.25,15.75,2003,DISC10
1124,2,Suburb,2025-10-10,504,Folder,5,1.2,6.0,2024,
1125,1,Downtown,2025-10-07,506,Highlighter,1,0.9,0.9,2084,DISC10
1126,1,Downtown,2025-10-05,506,Highlighter,4,0.9,3.6,2040,DISC10
1127,1,Downtown,2025-10-26,502,Pen,10,0.8,8.0,2039,DISC5
1128,2,Suburb,2025-10-23,505,Marker,6,1.75,10.5,2026,
1129,2,Suburb,2025-10-15,502,Pen,10,0.8,8.0,2030,
1130,1,Downtown,2025-10-22,502,Pen,6,0.8,4.8,2093,DISC10
1131,2,Suburb,2025-10-23,504,Folder,4,1.2,4.8,2070,DISC10
1132,1,Downtown,2025-10-10,505,Marker,6,1.75,10.5,2059,
1133,1,Downtown,2025-10-11,502,Pen,4,0.8,3.2,2019,DISC5
1134,3,Airport,2025-10-08,502,Pen,6,0.8,4.8,2100,DISC10
1135,1,Downtown,2025-10-04,501,Notebook,1,3.5,3.5,2074,DISC5
1136,2,Suburb,2025-10-13,504,Folder,6,1.2,7.2,2005,
1137,3,Airport,2025-10-29,505,Marker,6,1.75,10.5,2086,DISC10
1138,1,Downtown,2025-10-08,503,Stapler,5,5.25,26.25,2084,DISC10
1139,2,Suburb,2025-10-24,504,Folder,1,1.2,1.2,2080,DISC5
1140,2,Suburb,2025-10-01,502,Pen,10,0.8,8.0,2001,
1141,1,Downtown,2025-10-07,505,Marker,4,1.75,7.0,2054,DISC10
1142,1,Downtown,2025-10-12,503,Stapler,7,5.25,36.75,2080,
1143,2,Suburb,2025-10-22,506,Highlighter,2,0.9,1.8,2074,
1144,1,Downtown,2025-10-08,503,Stapler,1,5.25,5.25,2093,
1145,1,Downtown,2025-10-29,504,Folder,7,1.2,8.4,2089,DISC10
1146,3,Airport,2025-10-22,505,Marker,8,1.75,14.0,2064,DISC5
1147,2,Suburb,2025-10-28,501,Notebook,3,3.5,10.5,2011,DISC10
1148,2,Suburb,2025-10-26,501,Notebook,10,3.5,35.0,2041,DISC10
1149,3,Airport,2025-10-17,502,Pen,2,0.8,1.6,2041,DISC5
1150,1,Downtown,2025-10-22,504,Folder,9,1.2,10.8,2037,
1151,3,Airport,2025-10-31,502,Pen,8,0.8,6.4,2066,DISC10
1152,1,Downtown,2025-10-09,504,Folder,8,1.2,9.6,2020,DISC10
1153,1,Downtown,2025-10-31,506,Highlighter,5,0.9,4.5,2079,DISC10
1154,1,Downtown,2025-10-13,504,Folder,5,1.2,6.0,2001,DISC5
1155,1,Downtown,2025-10-17,501,Notebook,7,3.5,24.5,2079,DISC10
1156,3,Airport,2025-10-19,504,Folder,7,1.2,8.4,2000,
1157,2,Suburb,2025-10-14,501,Notebook,9,3.5,31.5,2071,DISC5
1158,1,Downtown,2025-10-24,501,Notebook,1,3.5,3.5,2063,DISC10
1159,2,Suburb,2025-10-04,501,Notebook,7,3.5,24.5,2046,DISC10
1160,3,Airport,2025-10-30,502,Pen,9,0.8,7.2,2029,
1161,3,Airport,2025-10-07,506,Highlighter,9,0.9,8.1,2096,DISC10
1162,1,Downtown,2025-10-24,501,Notebook,9,3.5,31.5,2000,DISC10
1163,2,Suburb,2025-10-29,506,Highlighter,8,0.9,7.2,2049,
1164,2,Suburb,2025-10-26,503,Stapler,3,5.25,15.75,2041,DISC5
1165,2,Suburb,2025-10-30,501,Notebook,10,3.5,35.0,2091,DISC5
1166,1,Downtown,2025-10-24,505,Marker,2,1.75,3.5,2018,DISC5
1167,1,Downtown,2025-10-31,503,Stapler,1,5.25,5.25,2049,DISC10
1168,3,Airport,2025-10-12,506,Highlighter,2,0.9,1.8,2034,
1169,3,Airport,2025-10-26,505,Marker,1,1.75,1.75,2022,DISC10
1170,1,Downtown,2025-10-06,505,Marker,1,1.75,1.75,2066,
1171,3,Airport,2025-10-05,504,Folder,7,1.2,8.4,2072,
1172,3,Airport,2025-10-18,503,Stapler,10,5.25,52.5,2025,DISC10
1173,1,Downtown,2025-10-18,501,Notebook,5,3.5,17.5,2055,DISC10
1174,2,Suburb,2025-10-17,506,Highlighter,3,0.9,2.7,2023,DISC10
1175,2,Suburb,2025-10-28,503,Stapler,1,5.25,5.25,2045,
1176,2,Suburb,2025-10-08,503,Stapler,4,5.25,21.0,2050,
1177,1,Downtown,2025-10-28,504,Folder,7,1.2,8.4,2084,DISC10
1178,2,Suburb,2025-10-09,503,Stapler,3,5.25,15.75,2087,DISC10
1179,2,Suburb,2025-10-17,505,Marker,2,1.75,3.5,2067,DISC5
1180,2,Suburb,2025-10-08,501,Notebook,9,3.5,31.5,2071,DISC5
1181,2,Suburb,2025-10-14,504,Folder,6,1.2,7.2,2008,DISC5
1182,2,Suburb,2025-10-10,506,Highlighter,1,0.9,0.9,2017,
1183,3,Airport,2025-10-01,502,Pen,2,0.8,1.6,2039,
1184,2,Suburb,2025-10-12,502,Pen,5,0.8,4.0,2028,
1185,2,Suburb,2025-10-11,503,Stapler,6,5.25,31.5,2035,
1186,1,Downtown,2025-10-14,501,Notebook,8,3.5,28.0,2070,
1187,2,Suburb,2025-10-02,502,Pen,7,0.8,5.6,2081,DISC5
1188,3,Airport,2025-10-05,505,Marker,5,1.75,8.75,2067,DISC10
1189,2,Suburb,2025-10-26,501,Notebook,9,3.5,31.5,2005,DISC10
1190,2,Suburb,2025-10-02,505,Marker,10,1.75,17.5,2044,
1191,2,Suburb,2025-10-08,506,Highlighter,5,0.9,4.5,2022,DISC10
1192,3,Airport,2025-10-31,501,Notebook,1,3.5,3.5,2037,DISC10
1193,3,Airport,2025-10-25,502,Pen,1,0.8,0.8,2096,DISC5
1194,1,Downtown,2025-10-22,504,Folder,6,1.2,7.2,2016,
1195,2,Suburb,2025-10-18,503,Stapler,7,5.25,36.75,2038,DISC10
1196,1,Downtown,2025-10-17,505,Marker,6,1.75,10.5,2098,DISC5
1197,3,Airport,2025-10-03,502,Pen,10,0.8,8.0,2056,
1198,1,Downtown,2025-10-01,504,Folder,9,1.2,10.8,2019,DISC5
1199,2,Suburb,2025-10-19,505,Marker,8,1.75,14.0,2092,DISC10
1200,3,Airport,2025-10-16,503,Stapler,8,5.25,42.0,2015,DISC10
1201,1,Downtown,2025-10-05,501,Notebook,5,3.5,17.5,2053,
1202,2,Suburb,2025-10-30,505,Marker,10,1.75,17.5,2037,DISC5
1203,2,Suburb,2025-10-25,506,Highlighter,8,0.9,7.2,2024,DISC5
1204,1,Downtown,2025-10-30,504,Folder,5,1.2,6.0,2079,DISC10
1205,3,Airport,2025-10-05,504,Folder,3,1.2,3.6,2058,
1206,3,Airport,2025-10-19,503,Stapler,8,5.25,42.0,2041,
1207,2,Suburb,2025-10-27,503,Stapler,4,5.25,21.0,2059,DISC5
1208,2,Suburb,2025-10-27,504,Folder,4,1.2,4.8,2084,DISC5
1209,2,Suburb,2025-10-25,503,Stapler,8,5.25,42.0,2023,DISC10
1210,2,Suburb,2025-10-04,502,Pen,6,0.8,4.8,2048,DISC5
1211,1,Downtown,2025-10-08,506,Highlighter,2,0.9,1.8,2079,DISC10
1212,3,Airport,2025-10-18,506,Highlighter,6,0.9,5.4,2054,
1213,2,Suburb,2025-10-22,506,Highlighter,2,0.9,1.8,2033,DISC10
1214,3,Airport,2025-10-03,504,Folder,7,1.2,8.4,2067,DISC10
1215,3,Airport,2025-10-10,504,Folder,3,1.2,3.6,2088,DISC5
1216,2,Suburb,2025-10-08,503,Stapler,9,5.25,47.25,2048,
1217,1,Downtown,2025-10-13,503,Stapler,10,5.25,52.5,2060,DISC5
1218,2,Suburb,2025-10-28,501,Notebook,7,3.5,24.5,2031,DISC5
1219,2,Suburb,2025-10-03,504,Folder,4,1.2,4.8,2051,DISC5
1220,1,Downtown,2025-10-18,506,Highlighter,6,0.9,5.4,2008,DISC10
1221,2,Suburb,2025-10-29,502,Pen,1,0.8,0.8,2067,DISC10
1222,2,Suburb,2025-10-08,503,Stapler,7,5.25,36.75,2051,DISC5
1223,2,Suburb,2025-10-17,502,Pen,3,0.8,2.4,2068,DISC10
1224,2,Suburb,2025-10-11,505,Marker,6,1.75,10.5,2097,DISC10
1225,3,Airport,2025-10-19,504,Folder,1,1.2,1.2,2046,DISC5
1226,2,Suburb,2025-10-30,502,Pen,9,0.8,7.2,2088,DISC5
1227,3,Airport,2025-10-15,504,Folder,5,1.2,6.0,2005,DISC10
1228,3,Airport,2025-10-04,502,Pen,1,0.8,0.8,2066,DISC10
1229,1,Downtown,2025-10-07,505,Marker,5,1.75,8.75,2070,DISC5
1230,2,Suburb,2025-10-21,502,Pen,8,0.8,6.4,2096,DISC5
1231,2,Suburb,2025-10-08,502,Pen,8,0.8,6.4,2084,DISC10
1232,1,Downtown,2025-10-16,502,Pen,10,0.8,8.0,2038,DISC10
1233,2,Suburb,2025-10-05,501,Notebook,2,3.5,7.0,2067,DISC10
1234,2,Suburb,2025-10-06,505,Marker,10,1.75,17.5,2048,
1235,2,Suburb,2025-10-01,502,Pen,8,0.8,6.4,2041,DISC5
1236,1,Downtown,2025-10-14,504,Folder,3,1.2,3.6,2046,DISC5
1237,2,Suburb,2025-10-04,505,Marker,2,1.75,3.5,2022,
1238,1,Downtown,2025-10-06,506,Highlighter,10,0.9,9.0,2059,
1239,2,Suburb,2025-10-10,506,Highlighter,3,0.9,2.7,2009,
1240,1,Downtown,2025-10-19,504,Folder,1,1.2,1.2,2092,DISC5
1241,1,Downtown,2025-10-08,505,Marker,2,1.75,3.5,2077,DISC5
1242,2,Suburb,2025-10-08,506,Highlighter,9,0.9,8.1,2054,DISC10
1243,2,Suburb,2025-10-01,501,Notebook,1,3.5,3.5,2000,DISC5
1244,1,Downtown,2025-10-10,503,Stapler,10,5.25,52.5,2025,DISC10
1245,3,Airport,2025-10-11,504,Folder,7,1.2,8.4,2082,DISC5
1246,2,Suburb,2025-10-13,501,Notebook,7,3.5,24.5,2076,DISC5
1247,1,Downtown,2025-10-07,504,Folder,1,1.2,1.2,2032,DISC10
1248,3,Airport,2025-10-20,504,Folder,9,1.2,10.8,2086,DISC10
1249,2,Suburb,2025-10-02,504,Folder,3,1.2,3.6,2083,DISC10
1250,1,Downtown,2025-10-25,506,Highlighter,9,0.9,8.1,2057,DISC5
1251,3,Airport,2025-10-08,502,Pen,3,0.8,2.4,2016,DISC5
1252,1,Downtown,2025-10-04,502,Pen,9,0.8,7.2,2076,DISC5
1253,1,Downtown,2025-10-20,506,Highlighter,5,0.9,4.5,2007,
1254,2,Suburb,2025-10-10,505,Marker,1,1.75,1.75,2023,DISC10
1255,2,Suburb,2025-10-05,502,Pen,5,0.8,4.0,2028,DISC10
1256,2,Suburb,2025-10-02,503,Stapler,6,5.25,31.5,2076,DISC5
1257,3,Airport,2025-10-26,502,Pen,5,0.8,4.0,2042,DISC5
1258,1,Downtown,2025-10-22,503,Stapler,6,5.25,31.5,2070,DISC10
1259,3,Airport,2025-10-23,502,Pen,5,0.8,4.0,2039,DISC10
1260,1,Downtown,2025-10-25,506,Highlighter,6,0.9,5.4,2045,DISC10
1261,1,Downtown,2025-10-26,502,Pen,2,0.8,1.6,2011,DISC5
1262,3,Airport,2025-10-11,501,Notebook,7,3.5,24.5,2100,DISC5
1263,2,Suburb,2025-10-29,505,Marker,2,1.75,3.5,2083,DISC5
1264,1,Downtown,2025-10-26,506,Highlighter,1,0.9,0.9,2008,
1265,1,Downtown,2025-10-28,502,Pen,4,0.8,3.2,2005,DISC5
1266,2,Suburb,2025-10-02,504,Folder,10,1.2,12.0,2077,
1267,1,Downtown,2025-10-25,505,Marker,1,1.75,1.75,2054,DISC5
1268,1,Downtown,2025-10-21,502,Pen,8,0.8,6.4,2089,
1269,3,Airport,2025-10-18,501,Notebook,9,3.5,31.5,2087,DISC5
1270,3,Airport,2025-10-24,504,Folder,5,1.2,6.0,2065,
1271,1,Downtown,2025-10-28,506,Highlighter,2,0.9,1.8,2029,DISC5
1272,1,Downtown,2025-10-31,501,Notebook,2,3.5,7.0,2087,DISC5
1273,3,Airport,2025-10-26,505,Marker,4,1.75,7.0,2090,
1274,3,Airport,2025-10-24,504,Folder,9,1.2,10.8,2015,DISC5
1275,3,Airport,2025-10-02,502,Pen,5,0.8,4.0,2075,DISC5
1276,2,Suburb,2025-10-04,502,Pen,3,0.8,2.4,2066,DISC10
1277,3,Airport,2025-10-15,504,Folder,5,1.2,6.0,2076,DISC5
1278,2,Suburb,2025-10-13,505,Marker,7,1.75,12.25,2050,DISC5
1279,1,Downtown,2025-10-30,504,Folder,4,1.2,4.8,2062,DISC10
1280,3,Airport,2025-10-19,505,Marker,6,1.75,10.5,2018,DISC10
1281,2,Suburb,2025-10-19,502,Pen,1,0.8,0.8,2049,DISC5
1282,1,Downtown,2025-10-15,503,Stapler,8,5.25,42.0,2034,DISC5
1283,3,Airport,2025-10-16,506,Highlighter,7,0.9,6.3,2050,
1284,3,Airport,2025-10-29,503,Stapler,3,5.25,15.75,2043,DISC5
1285,1,Downtown,2025-10-17,501,Notebook,2,3.5,7.0,2016,
1286,3,Airport,2025-10-16,506,Highlighter,8,0.9,7.2,2093,DISC5
1287,1,Downtown,2025-10-25,505,Marker,5,1.75,8.75,2080,
1288,1,Downtown,2025-10-16,506,Highlighter,7,0.9,6.3,2072,DISC10
1289,3,Airport,2025-10-24,503,Stapler,8,5.25,42.0,2049,DISC5
1290,3,Airport,2025-10-27,503,Stapler,9,5.25,47.25,2054,DISC10
1291,1,Downtown,2025-10-04,505,Marker,6,1.75,10.5,2065,DISC5
1292,3,Airport,2025-10-01,506,Highlighter,6,0.9,5.4,2008,
1293,1,Downtown,2025-10-22,506,Highlighter,6,0.9,5.4,2051,
1294,1,Downtown,2025-10-08,503,Stapler,8,5.25,42.0,2099,DISC5
1295,1,Downtown,2025-10-17,502,Pen,2,0.8,1.6,2011,
1296,1,Downtown,2025-10-01,504,Folder,3,1.2,3.6,2069,
1297,2,Suburb,2025-10-01,506,Highlighter,7,0.9,6.3,2082,DISC10
1298,1,Downtown,2025-10-08,503,Stapler,3,5.25,15.75,2044,DISC10
1299,2,Suburb,2025-10-31,506,Highlighter,10,0.9,9.0,2059,DISC10
1300,2,Suburb,2025-10-19,502,Pen,2,0.8,1.6,2099,
1301,1,Downtown,2025-10-09,502,Pen,2,0.8,1.6,2052,DISC5
1302,2,Suburb,2025-10-30,505,Marker,9,1.75,15.75,2031,
1303,3,Airport,2025-10-03,503,Stapler,4,5.25,21.0,2090,DISC10
1304,2,Suburb,2025-10-27,504,Folder,8,1.2,9.6,2007,DISC5
1305,3,Airport,2025-10-15,506,Highlighter,5,0.9,4.5,2067,DISC10
1306,3,Airport,2025-10-02,504,Folder,9,1.2,10.8,2077,DISC10
1307,3,Airport,2025-10-30,505,Marker,6,1.75,10.5,2035,
1308,1,Downtown,2025-10-19,506,Highlighter,7,0.9,6.3,2031,DISC5
1309,1,Downtown,2025-10-27,502,Pen,7,0.8,5.6,2059,
1310,1,Downtown,2025-10-24,505,Marker,8,1.75,14.0,2029,DISC10
1311,2,Suburb,2025-10-11,502,Pen,3,0.8,2.4,2042,DISC10
1312,2,Suburb,2025-10-01,504,Folder,1,1.2,1.2,2005,DISC10
1313,3,Airport,2025-10-26,503,Stapler,8,5.25,42.0,2059,DISC10
1314,2,Suburb,2025-10-16,501,Notebook,3,3.5,10.5,2035,DISC5
1315,1,Downtown,2025-10-08,505,Marker,6,1.75,10.5,2058,DISC10
1316,2,Suburb,2025-10-06,502,Pen,4,0.8,3.2,2007,
1317,3,Airport,2025-10-20,501,Notebook,3,3.5,10.5,2070,DISC5
1318,3,Airport,2025-10-15,504,Folder,4,1.2,4.8,2058,
1319,3,Airport,2025-10-08,502,Pen,7,0.8,5.6,2064,DISC10
1320,3,Airport,2025-10-17,504,Folder,3,1.2,3.6,2011,
1321,3,Airport,2025-10-23,506,Highlighter,2,0.9,1.8,2077,DISC10
1322,3,Airport,2025-10-04,505,Marker,8,1.75,14.0,2044,DISC5
1323,3,Airport,2025-10-20,504,Folder,3,1.2,3.6,2034,
1324,3,Airport,2025-10-08,504,Folder,10,1.2,12.0,2053,DISC10
1325,3,Airport,2025-10-19,501,Notebook,9,3.5,31.5,2016,DISC10
1326,3,Airport,2025-10-09,505,Marker,3,1.75,5.25,2054,DISC5
1327,2,Suburb,2025-10-09,502,Pen,6,0.8,4.8,2020,DISC10
1328,3,Airport,2025-10-21,506,Highlighter,9,0.9,8.1,2049,DISC5
1329,1,Downtown,2025-10-22,505,Marker,5,1.75,8.75,2004,DISC5
1330,3,Airport,2025-10-15,502,Pen,3,0.8,2.4,2075,DISC10
1331,1,Downtown,2025-10-11,505,Marker,2,1.75,3.5,2008,DISC10
1332,3,Airport,2025-10-11,504,Folder,5,1.2,6.0,2050,DISC10
1333,3,Airport,2025-10-10,502,Pen,7,0.8,5.6,2029,DISC10
1334,1,Downtown,2025-10-26,502,Pen,1,0.8,0.8,2056,
1335,1,Downtown,2025-10-09,503,Stapler,8,5.25,42.0,2057,
1336,1,Downtown,2025-10-24,502,Pen,4,0.8,3.2,2051,DISC5
1337,1,Downtown,2025-10-24,505,Marker,5,1.75,8.75,2082,DISC10
1338,1,Downtown,2025-10-21,503,Stapler,1,5.25,5.25,2063,DISC5
1339,1,Downtown,2025-10-10,506,Highlighter,6,0.9,5.4,2098,DISC5
1340,2,Suburb,2025-10-16,502,Pen,8,0.8,6.4,2039,
1341,1,Downtown,2025-10-02,503,Stapler,1,5.25,5.25,2063,
1342,1,Downtown,2025-10-25,502,Pen,8,0.8,6.4,2054,DISC10
1343,3,Airport,2025-10-23,501,Notebook,10,3.5,35.0,2021,DISC5
1344,1,Downtown,2025-10-11,502,Pen,7,0.8,5.6,2065,
1345,2,Suburb,2025-10-11,506,Highlighter,6,0.9,5.4,2062,DISC5
1346,3,Airport,2025-10-03,501,Notebook,3,3.5,10.5,2083,DISC10
1347,2,Suburb,2025-10-06,504,Folder,1,1.2,1.2,2036,DISC10
1348,1,Downtown,2025-10-06,501,Notebook,3,3.5,10.5,2037,DISC10
1349,2,Suburb,2025-10-26,501,Notebook,7,3.5,24.5,2007,DISC10
1350,2,Suburb,2025-10-19,505,Marker,10,1.75,17.5,2058,
1351,3,Airport,2025-10-02,504,Folder,4,1.2,4.8,2045,DISC10
1352,3,Airport,2025-10-10,502,Pen,1,0.8,0.8,2009,
1353,3,Airport,2025-10-03,504,Folder,8,1.2,9.6,2063,DISC10
1354,1,Downtown,2025-10-30,501,Notebook,4,3.5,14.0,2066,DISC5
1355,1,Downtown,2025-10-16,503,Stapler,4,5.25,21.0,2021,
1356,3,Airport,2025-10-12,504,Folder,10,1.2,12.0,2071,
1357,3,Airport,2025-10-11,503,Stapler,7,5.25,36.75,2080,DISC5
1358,1,Downtown,2025-10-26,503,Stapler,6,5.25,31.5,2023,DISC5
1359,3,Airport,2025-10-02,504,Folder,3,1.2,3.6,2013,
1360,1,Downtown,2025-10-11,502,Pen,4,0.8,3.2,2020,
1361,3,Airport,2025-10-12,502,Pen,9,0.8,7.2,2013,DISC5
1362,1,Downtown,2025-10-07,502,Pen,3,0.8,2.4,2012,
1363,1,Downtown,2025-10-23,503,Stapler,7,5.25,36.75,2068,
1364,3,Airport,2025-10-12,506,Highlighter,6,0.9,5.4,2036,DISC10
1365,3,Airport,2025-10-29,504,Folder,4,1.2,4.8,2036,DISC5
1366,2,Suburb,2025-10-06,502,Pen,6,0.8,4.8,2004,DISC5
1367,3,Airport,2025-10-10,503,Stapler,2,5.25,10.5,2071,
1368,2,Suburb,2025-10-09,503,Stapler,6,5.25,31.5,2064,DISC5
1369,2,Suburb,2025-10-31,501,Notebook,9,3.5,31.5,2099,DISC5
1370,1,Downtown,2025-10-25,503,Stapler,9,5.25,47.25,2054,DISC5
1371,2,Suburb,2025-10-15,506,Highlighter,6,0.9,5.4,2011,
1372,1,Downtown,2025-10-30,503,Stapler,5,5.25,26.25,2000,DISC5
1373,3,Airport,2025-10-29,502,Pen,2,0.8,1.6,2028,DISC10
1374,3,Airport,2025-10-16,505,Marker,6,1.75,10.5,2041,DISC10
1375,2,Suburb,2025-10-31,506,Highlighter,4,0.9,3.6,2099,
1376,1,Downtown,2025-10-14,505,Marker,1,1.75,1.75,2022,DISC5
1377,1,Downtown,2025-10-15,501,Notebook,9,3.5,31.5,2051,DISC5
1378,1,Downtown,2025-10-27,506,Highlighter,3,0.9,2.7,2077,DISC10
1379,2,Suburb,2025-10-12,503,Stapler,8,5.25,42.0,2058,DISC5
1380,2,Suburb,2025-10-23,505,Marker,3,1.75,5.25,2100,DISC10
1381,2,Suburb,2025-10-17,502,Pen,9,0.8,7.2,2092,DISC5
1382,2,Suburb,2025-10-04,505,Marker,3,1.75,5.25,2080,
1383,1,Downtown,2025-10-10,501,Notebook,9,3.5,31.5,2042,
1384,3,Airport,2025-10-11,502,Pen,10,0.8,8.0,2042,DISC5
1385,1,Downtown,2025-10-21,501,Notebook,2,3.5,7.0,2024,
1386,1,Downtown,2025-10-03,501,Notebook,1,3.5,3.5,2014,DISC10
1387,1,Downtown,2025-10-28,501,Notebook,8,3.5,28.0,2052,DISC10
1388,2,Suburb,2025-10-03,506,Highlighter,5,0.9,4.5,2030,DISC5
1389,3,Airport,2025-10-12,505,Marker,2,1.75,3.5,2059,
1390,2,Suburb,2025-10-08,502,Pen,7,0.8,5.6,2033,
1391,3,Airport,2025-10-11,504,Folder,4,1.2,4.8,2002,
1392,2,Suburb,2025-10-20,502,Pen,5,0.8,4.0,2057,DISC5
1393,3,Airport,2025-10-30,504,Folder,3,1.2,3.6,2062,DISC5
1394,2,Suburb,2025-10-13,501,Notebook,9,3.5,31.5,2014,
1395,2,Suburb,2025-10-18,502,Pen,1,0.8,0.8,2005,DISC5
1396,3,Airport,2025-10-16,506,Highlighter,1,0.9,0.9,2095,DISC10
1397,2,Suburb,2025-10-07,503,Stapler,2,5.25,10.5,2000,DISC5
1398,2,Suburb,2025-10-07,501,Notebook,9,3.5,31.5,2066,DISC10
1399,3,Airport,2025-10-30,502,Pen,7,0.8,5.6,2070,
1400,1,Downtown,2025-10-23,506,Highlighter,2,0.9,1.8,2081,DISC10
1401,2,Suburb,2025-10-10,502,Pen,4,0.8,3.2,2093,DISC5
1402,2,Suburb,2025-10-05,502,Pen,10,0.8,8.0,2006,
1403,2,Suburb,2025-10-28,504,Folder,1,1.2,1.2,2000,DISC5
1404,2,Suburb,2025-10-09,505,Marker,1,1.75,1.75,2015,DISC10
1405,1,Downtown,2025-10-20,502,Pen,8,0.8,6.4,2100,DISC5
1406,1,Downtown,2025-10-28,505,Marker,3,1.75,5.25,2015,
1407,1,Downtown,2025-10-19,502,Pen,9,0.8,7.2,2059,DISC5
1408,1,Downtown,2025-10-15,504,Folder,4,1.2,4.8,2066,
1409,3,Airport,2025-10-13,504,Folder,5,1.2,6.0,2071,DISC10
1410,2,Suburb,2025-10-20,503,Stapler,2,5.25,10.5,2075,
1411,2,Suburb,2025-10-12,505,Marker,3,1.75,5.25,2050,
1412,3,Airport,2025-10-02,505,Marker,2,1.75,3.5,2000,DISC10
1413,1,Downtown,2025-10-25,505,Marker,5,1.75,8.75,2021,DISC10
1414,2,Suburb,2025-10-12,505,Marker,5,1.75,8.75,2053,DISC5
1415,3,Airport,2025-10-24,505,Marker,2,1.75,3.5,2038,
1416,2,Suburb,2025-10-05,502,Pen,8,0.8,6.4,2063,DISC5
1417,3,Airport,2025-10-27,506,Highlighter,7,0.9,6.3,2003,DISC10
1418,1,Downtown,2025-10-27,501,Notebook,6,3.5,21.0,2025,
1419,2,Suburb,2025-10-17,502,Pen,8,0.8,6.4,2093,
1420,1,Downtown,2025-10-14,506,Highlighter,6,0.9,5.4,2020,
1421,2,Suburb,2025-10-20,502,Pen,6,0.8,4.8,2005,DISC10
1422,3,Airport,2025-10-18,501,Notebook,8,3.5,28.0,2087,DISC5
1423,2,Suburb,2025-10-17,504,Folder,1,1.2,1.2,2060,DISC10
1424,3,Airport,2025-10-16,502,Pen,5,0.8,4.0,2038,DISC5
1425,1,Downtown,2025-10-12,505,Marker,3,1.75,5.25,2057,DISC5
1426,3,Airport,2025-10-19,506,Highlighter,7,0.9,6.3,2024,DISC5
1427,3,Airport,2025-10-01,502,Pen,1,0.8,0.8,2092,
1428,2,Suburb,2025-10-06,501,Notebook,9,3.5,31.5,2089,
1429,3,Airport,2025-10-27,504,Folder,2,1.2,2.4,2079,DISC10
1430,3,Airport,2025-10-12,504,Folder,9,1.2,10.8,2067,DISC10
1431,2,Suburb,2025-10-08,504,Folder,2,1.2,2.4,2050,DISC5
1432,2,Suburb,2025-10-02,503,Stapler,8,5.25,42.0,2009,DISC10
1433,1,Downtown,2025-10-21,506,Highlighter,1,0.9,0.9,2099,DISC10
1434,2,Suburb,2025-10-24,502,Pen,5,0.8,4.0,2047,DISC10
1435,3,Airport,2025-10-03,505,Marker,3,1.75,5.25,2045,
1436,2,Suburb,2025-10-19,501,Notebook,3,3.5,10.5,2062,DISC10
1437,2,Suburb,2025-10-03,506,Highlighter,8,0.9,7.2,2074,
1438,1,Downtown,2025-10-22,503,Stapler,9,5.25,47.25,2094,DISC5
1439,3,Airport,2025-10-15,501,Notebook,6,3.5,21.0,2021,
1440,2,Suburb,2025-10-24,504,Folder,3,1.2,3.6,2001,DISC5
1441,2,Suburb,2025-10-31,506,Highlighter,5,0.9,4.5,2077,DISC5
1442,3,Airport,2025-10-12,505,Marker,9,1.75,15.75,2080,DISC10
1443,3,Airport,2025-10-01,505,Marker,10,1.75,17.5,2008,DISC10
1444,3,Airport,2025-10-05,502,Pen,3,0.8,2.4,2071,DISC5
1445,2,Suburb,2025-10-05,502,Pen,8,0.8,6.4,2092,
1446,2,Suburb,2025-10-17,501,Notebook,2,3.5,7.0,2079,
1447,2,Suburb,2025-10-21,504,Folder,9,1.2,10.8,2008,DISC5
1448,2,Suburb,2025-10-19,502,Pen,6,0.8,4.8,2051,
1449,3,Airport,2025-10-28,501,Notebook,9,3.5,31.5,2079,DISC10
1450,1,Downtown,2025-10-15,506,Highlighter,4,0.9,3.6,2058,
1451,3,Airport,2025-10-18,502,Pen,10,0.8,8.0,2004,DISC10
1452,3,Airport,2025-10-09,503,Stapler,5,5.25,26.25,2056,
1453,2,Suburb,2025-10-11,504,Folder,4,1.2,4.8,2013,DISC5
1454,1,Downtown,2025-10-31,506,Highlighter,5,0.9,4.5,2082,
1455,3,Airport,2025-10-18,506,Highlighter,7,0.9,6.3,2084,DISC10
1456,2,Suburb,2025-10-26,505,Marker,3,1.75,5.25,2032,
1457,1,Downtown,2025-10-05,503,Stapler,10,5.25,52.5,2032,
1458,3,Airport,2025-10-05,504,Folder,8,1.2,9.6,2049,DISC10
1459,1,Downtown,2025-10-14,502,Pen,1,0.8,0.8,2020,DISC10
1460,1,Downtown,2025-10-05,505,Marker,1,1.75,1.75,2081,
1461,2,Suburb,2025-10-12,504,Folder,4,1.2,4.8,2005,
1462,1,Downtown,2025-10-16,503,Stapler,7,5.25,36.75,2064,DISC10
1463,1,Downtown,2025-10-04,506,Highlighter,5,0.9,4.5,2018,DISC10
1464,3,Airport,2025-10-17,501,Notebook,5,3.5,17.5,2060,DISC5
1465,1,Downtown,2025-10-19,503,Stapler,10,5.25,52.5,2048,DISC5
1466,1,Downtown,2025-10-20,504,Folder,4,1.2,4.8,2020,
1467,2,Suburb,2025-10-19,504,Folder,2,1.2,2.4,2004,DISC5
1468,2,Suburb,2025-10-30,502,Pen,9,0.8,7.2,2004,DISC5
1469,3,Airport,2025-10-08,506,Highlighter,3,0.9,2.7,2022,
1470,2,Suburb,2025-10-06,502,Pen,2,0.8,1.6,2036,DISC5
1471,1,Downtown,2025-10-12,504,Folder,2,1.2,2.4,2060,DISC5
1472,2,Suburb,2025-10-22,503,Stapler,6,5.25,31.5,2049,
1473,1,Downtown,2025-10-30,505,Marker,8,1.75,14.0,2061,DISC5
1474,3,Airport,2025-10-26,504,Folder,9,1.2,10.8,2061,DISC10
1475,3,Airport,2025-10-29,505,Marker,4,1.75,7.0,2075,DISC5
1476,1,Downtown,2025-10-02,506,Highlighter,9,0.9,8.1,2100,
1477,3,Airport,2025-10-28,501,Notebook,10,3.5,35.0,2031,DISC5
1478,2,Suburb,2025-10-02,501,Notebook,6,3.5,21.0,2065,DISC5
1479,3,Airport,2025-10-13,503,Stapler,4,5.25,21.0,2004,
1480,3,Airport,2025-10-27,502,Pen,8,0.8,6.4,2067,DISC10
1481,2,Suburb,2025-10-21,505,Marker,7,1.75,12.25,2072,
1482,2,Suburb,2025-10-10,506,Highlighter,9,0.9,8.1,2076,
1483,3,Airport,2025-10-27,503,Stapler,6,5.25,31.5,2047,DISC10
1484,3,Airport,2025-10-10,506,Highlighter,5,0.9,4.5,2013,
1485,2,Suburb,2025-10-02,506,Highlighter,1,0.9,0.9,2064,DISC5
1486,3,Airport,2025-10-16,501,Notebook,9,3.5,31.5,2010,DISC5
1487,3,Airport,2025-10-09,503,Stapler,9,5.25,47.25,2076,DISC5
1488,3,Airport,2025-10-16,502,Pen,1,0.8,0.8,2067,
1489,3,Airport,2025-10-12,503,Stapler,10,5.25,52.5,2057,DISC10
1490,3,Airport,2025-10-21,502,Pen,10,0.8,8.0,2060,DISC10
1491,2,Suburb,2025-10-14,502,Pen,9,0.8,7.2,2020,DISC10
1492,1,Downtown,2025-10-19,506,Highlighter,9,0.9,8.1,2058,
1493,2,Suburb,2025-10-26,503,Stapler,7,5.25,36.75,2100,DISC5
1494,2,Suburb,2025-10-13,503,Stapler,3,5.25,15.75,2069,DISC5
1495,3,Airport,2025-10-08,501,Notebook,7,3.5,24.5,2042,DISC5
1496,2,Suburb,2025-10-21,503,Stapler,7,5.25,36.75,2009,
1497,2,Suburb,2025-10-03,506,Highlighter,6,0.9,5.4,2091,DISC5
1498,2,Suburb,2025-10-15,502,Pen,9,0.8,7.2,2081,DISC5
1499,2,Suburb,2025-10-18,504,Folder,9,1.2,10.8,2100,DISC10
1500,3,Airport,2025-10-16,504,Folder,3,1.2,3.6,2002,
1501,3,Airport,2025-10-11,502,Pen,8,0.8,6.4,2017,DISC10
1502,3,Airport,2025-10-19,505,Marker,8,1.75,14.0,2031,DISC10
1503,3,Airport,2025-10-19,505,Marker,7,1.75,12.25,2080,DISC10
1504,1,Downtown,2025-10-10,501,Notebook,7,3.5,24.5,2057,
1505,3,Airport,2025-10-29,502,Pen,1,0.8,0.8,2058,DISC5
1506,3,Airport,2025-10-16,505,Marker,5,1.75,8.75,2055,DISC10
1507,3,Airport,2025-10-10,502,Pen,6,0.8,4.8,2069,
1508,2,Suburb,2025-10-15,506,Highlighter,2,0.9,1.8,2012,DISC10
1509,3,Airport,2025-10-20,502,Pen,4,0.8,3.2,2029,
1510,2,Suburb,2025-10-30,501,Notebook,2,3.5,7.0,2055,DISC10
1511,3,Airport,2025-10-06,504,Folder,10,1.2,12.0,2041,DISC10
1512,2,Suburb,2025-10-26,505,Marker,5,1.75,8.75,2071,
1513,2,Suburb,2025-10-08,505,Marker,7,1.75,12.25,2053,DISC5
1514,1,Downtown,2025-10-20,503,Stapler,6,5.25,31.5,2098,DISC10
1515,3,Airport,2025-10-17,504,Folder,8,1.2,9.6,2047,
1516,1,Downtown,2025-10-08,503,Stapler,2,5.25,10.5,2033,DISC10
1517,3,Airport,2025-10-12,505,Marker,7,1.75,12.25,2057,
1518,1,Downtown,2025-10-12,501,Notebook,2,3.5,7.0,2084,
1519,1,Downtown,2025-10-21,502,Pen,8,0.8,6.4,2054,DISC5
1520,1,Downtown,2025-10-11,501,Notebook,2,3.5,7.0,2077,
1521,2,Suburb,2025-10-30,504,Folder,10,1.2,12.0,2091,DISC10
1522,1,Downtown,2025-10-14,504,Folder,9,1.2,10.8,2034,DISC10
1523,1,Downtown,2025-10-20,506,Highlighter,4,0.9,3.6,2041,DISC10
1524,3,Airport,2025-10-29,501,Notebook,8,3.5,28.0,2071,
1525,3,Airport,2025-10-04,502,Pen,9,0.8,7.2,2029,
1526,1,Downtown,2025-10-31,506,Highlighter,3,0.9,2.7,2065,DISC10
1527,1,Downtown,2025-10-29,506,Highlighter,7,0.9,6.3,2041,
1528,3,Airport,2025-10-13,505,Marker,2,1.75,3.5,2009,DISC10
1529,2,Suburb,2025-10-14,505,Marker,4,1.75,7.0,2036,DISC5
1530,2,Suburb,2025-10-30,506,Highlighter,9,0.9,8.1,2007,DISC5
1531,3,Airport,2025-10-09,502,Pen,1,0.8,0.8,2079,DISC5
1532,2,Suburb,2025-10-20,505,Marker,3,1.75,5.25,2080,
1533,2,Suburb,2025-10-04,502,Pen,3,0.8,2.4,2066,DISC5
1534,3,Airport,2025-10-11,502,Pen,7,0.8,5.6,2004,
1535,1,Downtown,2025-10-09,501,Notebook,7,3.5,24.5,2065,DISC10
1536,2,Suburb,2025-10-30,504,Folder,10,1.2,12.0,2017,
1537,3,Airport,2025-10-14,502,Pen,8,0.8,6.4,2007,DISC5
1538,1,Downtown,2025-10-09,502,Pen,2,0.8,1.6,2013,DISC10
1539,3,Airport,2025-10-12,501,Notebook,9,3.5,31.5,2014,DISC10
1540,2,Suburb,2025-10-12,506,Highlighter,7,0.9,6.3,2069,DISC5
1541,3,Airport,2025-10-18,502,Pen,9,0.8,7.2,2044,DISC10
1542,3,Airport,2025-10-24,501,Notebook,10,3.5,35.0,2090,DISC10
1543,2,Suburb,2025-10-15,503,Stapler,6,5.25,31.5,2037,DISC10
1544,3,Airport,2025-10-12,504,Folder,7,1.2,8.4,2031,DISC5
1545,1,Downtown,2025-10-12,503,Stapler,7,5.25,36.75,2100,
1546,1,Downtown,2025-10-17,504,Folder,7,1.2,8.4,2009,
1547,3,Airport,2025-10-13,505,Marker,9,1.75,15.75,2001,DISC5
1548,2,Suburb,2025-10-09,505,Marker,1,1.75,1.75,2006,DISC5
1549,1,Downtown,2025-10-01,506,Highlighter,8,0.9,7.2,2000,
1550,1,Downtown,2025-10-13,505,Marker,5,1.75,8.75,2063,
1551,1,Downtown,2025-10-12,505,Marker,9,1.75,15.75,2076,
1552,3,Airport,2025-10-08,502,Pen,4,0.8,3.2,2088,
1553,3,Airport,2025-10-10,501,Notebook,4,3.5,14.0,2099,DISC5
1554,3,Airport,2025-10-30,503,Stapler,3,5.25,15.75,2081,
1555,1,Downtown,2025-10-24,504,Folder,8,1.2,9.6,2009,
1556,3,Airport,2025-10-22,504,Folder,9,1.2,10.8,2087,DISC5
1557,3,Airport,2025-10-05,506,Highlighter,9,0.9,8.1,2035,DISC10
1558,3,Airport,2025-10-10,503,Stapler,6,5.25,31.5,2060,DISC5
1559,1,Downtown,2025-10-17,505,Marker,8,1.75,14.0,2033,DISC5
1560,2,Suburb,2025-10-21,502,Pen,10,0.8,8.0,2078,
1561,3,Airport,2025-10-04,505,Marker,8,1.75,14.0,2048,DISC5
1562,1,Downtown,2025-10-24,506,Highlighter,2,0.9,1.8,2057,DISC10
1563,3,Airport,2025-10-19,501,Notebook,7,3.5,24.5,2012,
1564,1,Downtown,2025-10-29,505,Marker,5,1.75,8.75,2097,
1565,2,Suburb,2025-10-05,504,Folder,7,1.2,8.4,2047,DISC10
1566,2,Suburb,2025-10-28,501,Notebook,10,3.5,35.0,2020,DISC10
1567,3,Airport,2025-10-25,506,Highlighter,4,0.9,3.6,2025,DISC10
1568,3,Airport,2025-10-09,503,Stapler,5,5.25,26.25,2053,DISC5
1569,2,Suburb,2025-10-04,504,Folder,9,1.2,10.8,2015,DISC10
1570,2,Suburb,2025-10-09,501,Notebook,10,3.5,35.0,2068,DISC5
1571,1,Downtown,2025-10-05,505,Marker,5,1.75,8.75,2058,
1572,3,Airport,2025-10-20,506,Highlighter,10,0.9,9.0,2044,DISC5
1573,3,Airport,2025-10-01,501,Notebook,7,3.5,24.5,2093,
1574,3,Airport,2025-10-27,504,Folder,8,1.2,9.6,2031,DISC5
1575,3,Airport,2025-10-03,505,Marker,7,1.75,12.25,2096,DISC10
1576,2,Suburb,2025-10-14,505,Marker,8,1.75,14.0,2007,DISC10
1577,1,Downtown,2025-10-21,503,Stapler,3,5.25,15.75,2010,DISC5
1578,3,Airport,2025-10-29,504,Folder,7,1.2,8.4,2006,DISC10
1579,3,Airport,2025-10-04,506,Highlighter,7,0.9,6.3,2070,DISC5
1580,3,Airport,2025-10-06,502,Pen,10,0.8,8.0,2001,
1581,1,Downtown,2025-10-16,505,Marker,2,1.75,3.5,2094,
1582,1,Downtown,2025-10-27,504,Folder,4,1.2,4.8,2091,
1583,3,Airport,2025-10-06,501,Notebook,9,3.5,31.5,2058,DISC5
1584,2,Suburb,2025-10-16,506,Highlighter,8,0.9,7.2,2024,DISC10
1585,2,Suburb,2025-10-09,501,Notebook,5,3.5,17.5,2040,DISC5
1586,1,Downtown,2025-10-31,502,Pen,3,0.8,2.4,2050,
1587,3,Airport,2025-10-16,505,Marker,8,1.75,14.0,2034,DISC5
1588,1,Downtown,2025-10-21,501,Notebook,1,3.5,3.5,2059,DISC5
1589,1,Downtown,2025-10-25,506,Highlighter,5,0.9,4.5,2073,
1590,2,Suburb,2025-10-24,502,Pen,4,0.8,3.2,2012,
1591,1,Downtown,2025-10-09,501,Notebook,6,3.5,21.0,2072,
1592,3,Airport,2025-10-08,506,Highlighter,2,0.9,1.8,2026,DISC10
1593,3,Airport,2025-10-01,505,Marker,8,1.75,14.0,2030,DISC10
1594,3,Airport,2025-10-24,506,Highlighter,1,0.9,0.9,2043,DISC10
1595,2,Suburb,2025-10-11,503,Stapler,3,5.25,15.75,2033,
1596,1,Downtown,2025-10-08,505,Marker,6,1.75,10.5,2045,DISC10
1597,3,Airport,2025-10-13,504,Folder,2,1.2,2.4,2071,DISC10
1598,2,Suburb,2025-10-08,506,Highlighter,4,0.9,3.6,2083,DISC10
1599,1,Downtown,2025-10-04,501,Notebook,2,3.5,7.0,2020,DISC10
1600,3,Airport,2025-10-31,504,Folder,10,1.2,12.0,2054,DISC10
1601,1,Downtown,2025-10-21,503,Stapler,9,5.25,47.25,2021,DISC10
1602,1,Downtown,2025-10-18,503,Stapler,5,5.25,26.25,2074,DISC10
1603,1,Downtown,2025-10-11,501,Notebook,9,3.5,31.5,2010,
1604,2,Suburb,2025-10-10,505,Marker,10,1.75,17.5,2087,
1605,2,Suburb,2025-10-21,503,Stapler,4,5.25,21.0,2022,DISC5
1606,1,Downtown,2025-10-13,504,Folder,7,1.2,8.4,2089,
1607,1,Downtown,2025-10-25,502,Pen,3,0.8,2.4,2000,
1608,1,Downtown,2025-10-21,501,Notebook,2,3.5,7.0,2042,DISC5
1609,2,Suburb,2025-10-07,502,Pen,3,0.8,2.4,2065,DISC5
1610,3,Airport,2025-10-18,504,Folder,3,1.2,3.6,2088,DISC10
1611,2,Suburb,2025-10-08,501,Notebook,5,3.5,17.5,2060,DISC5
1612,3,Airport,2025-10-15,505,Marker,9,1.75,15.75,2040,
1613,2,Suburb,2025-10-21,505,Marker,9,1.75,15.75,2047,DISC5
1614,2,Suburb,2025-10-05,505,Marker,8,1.75,14.0,2006,
1615,2,Suburb,2025-10-20,503,Stapler,7,5.25,36.75,2018,DISC10
1616,2,Suburb,2025-10-13,505,Marker,10,1.75,17.5,2086,DISC5
1617,3,Airport,2025-10-20,506,Highlighter,5,0.9,4.5,2093,
1618,3,Airport,2025-10-23,505,Marker,4,1.75,7.0,2083,DISC5
1619,3,Airport,2025-10-09,503,Stapler,10,5.25,52.5,2041,DISC5
1620,3,Airport,2025-10-13,505,Marker,1,1.75,1.75,2005,DISC5
1621,2,Suburb,2025-10-20,501,Notebook,2,3.5,7.0,2039,DISC5
1622,3,Airport,2025-10-25,502,Pen,9,0.8,7.2,2025,DISC10
1623,3,Airport,2025-10-09,505,Marker,2,1.75,3.5,2005,DISC5
1624,1,Downtown,2025-10-06,501,Notebook,10,3.5,35.0,2005,DISC5
1625,2,Suburb,2025-10-06,502,Pen,7,0.8,5.6,2048,
1626,3,Airport,2025-10-25,506,Highlighter,3,0.9,2.7,2059,DISC5
1627,1,Downtown,2025-10-11,506,Highlighter,10,0.9,9.0,2018,DISC10
1628,2,Suburb,2025-10-30,504,Folder,8,1.2,9.6,2020,DISC5
1629,1,Downtown,2025-10-06,504,Folder,8,1.2,9.6,2046,DISC10
1630,2,Suburb,2025-10-19,506,Highlighter,5,0.9,4.5,2011,
1631,3,Airport,2025-10-22,505,Marker,1,1.75,1.75,2020,
1632,1,Downtown,2025-10-17,501,Notebook,5,3.5,17.5,2072,
1633,3,Airport,2025-10-25,501,Notebook,4,3.5,14.0,2086,
1634,1,Downtown,2025-10-18,504,Folder,5,1.2,6.0,2031,
1635,3,Airport,2025-10-29,503,Stapler,4,5.25,21.0,2017,
1636,1,Downtown,2025-10-19,501,Notebook,10,3.5,35.0,2078,DISC10
1637,3,Airport,2025-10-06,503,Stapler,3,5.25,15.75,2019,DISC10
1638,3,Airport,2025-10-24,503,Stapler,3,5.25,15.75,2003,DISC5
1639,2,Suburb,2025-10-04,505,Marker,5,1.75,8.75,2039,
1640,1,Downtown,2025-10-05,506,Highlighter,7,0.9,6.3,2040,DISC5
1641,1,Downtown,2025-10-21,504,Folder,5,1.2,6.0,2093,DISC10
1642,1,Downtown,2025-10-13,505,Marker,2,1.75,3.5,2050,
1643,1,Downtown,2025-10-22,503,Stapler,9,5.25,47.25,2021,DISC10
1644,1,Downtown,2025-10-03,506,Highlighter,2,0.9,1.8,2021,DISC5
1645,2,Suburb,2025-10-14,504,Folder,2,1.2,2.4,2032,DISC10
1646,3,Airport,2025-10-25,502,Pen,1,0.8,0.8,2059,DISC5
1647,2,Suburb,2025-10-01,505,Marker,9,1.75,15.75,2027,DISC10
1648,2,Suburb,2025-10-14,503,Stapler,6,5.25,31.5,2006,DISC5
1649,1,Downtown,2025-10-15,504,Folder,6,1.2,7.2,2083,DISC5
1650,3,Airport,2025-10-23,502,Pen,7,0.8,5.6,2001,DISC10
1651,1,Downtown,2025-10-07,501,Notebook,3,3.5,10.5,2057,DISC10
1652,1,Downtown,2025-10-10,504,Folder,3,1.2,3.6,2056,
1653,3,Airport,2025-10-04,502,Pen,6,0.8,4.8,2031,DISC10
1654,3,Airport,2025-10-27,502,Pen,7,0.8,5.6,2001,
1655,3,Airport,2025-10-09,506,Highlighter,6,0.9,5.4,2072,
1656,1,Downtown,2025-10-14,505,Marker,1,1.75,1.75,2007,
1657,3,Airport,2025-10-05,504,Folder,6,1.2,7.2,2080,DISC5
1658,1,Downtown,2025-10-14,506,Highlighter,4,0.9,3.6,2051,
1659,3,Airport,2025-10-28,501,Notebook,8,3.5,28.0,2060,DISC5
1660,2,Suburb,2025-10-17,503,Stapler,3,5.25,15.75,2055,DISC10
1661,1,Downtown,2025-10-21,501,Notebook,8,3.5,28.0,2082,DISC5
1662,2,Suburb,2025-10-09,501,Notebook,9,3.5,31.5,2069,DISC10
1663,1,Downtown,2025-10-16,501,Notebook,2,3.5,7.0,2042,DISC10
1664,3,Airport,2025-10-12,505,Marker,8,1.75,14.0,2005,DISC10
1665,1,Downtown,2025-10-06,506,Highlighter,10,0.9,9.0,2092,DISC5
1666,1,Downtown,2025-10-12,502,Pen,5,0.8,4.0,2056,
1667,2,Suburb,2025-10-27,505,Marker,8,1.75,14.0,2089,DISC10
1668,2,Suburb,2025-10-30,502,Pen,4,0.8,3.2,2033,DISC10
1669,3,Airport,2025-10-18,504,Folder,1,1.2,1.2,2008,DISC5
1670,1,Downtown,2025-10-14,506,Highlighter,1,0.9,0.9,2005,DISC10
1671,3,Airport,2025-10-08,502,Pen,7,0.8,5.6,2089,DISC10
1672,1,Downtown,2025-10-11,504,Folder,4,1.2,4.8,2026,DISC10
1673,3,Airport,2025-10-17,505,Marker,4,1.75,7.0,2053,DISC10
1674,3,Airport,2025-10-03,501,Notebook,1,3.5,3.5,2032,
1675,2,Suburb,2025-10-24,501,Notebook,2,3.5,7.0,2027,DISC5
1676,2,Suburb,2025-10-11,502,Pen,1,0.8,0.8,2083,
1677,2,Suburb,2025-10-01,503,Stapler,8,5.25,42.0,2001,DISC10
1678,2,Suburb,2025-10-03,501,Notebook,9,3.5,31.5,2098,DISC5
1679,1,Downtown,2025-10-23,504,Folder,6,1.2,7.2,2016,DISC5
1680,3,Airport,2025-10-05,506,Highlighter,6,0.9,5.4,2042,DISC10
1681,2,Suburb,2025-10-30,505,Marker,10,1.75,17.5,2040,
1682,2,Suburb,2025-10-15,502,Pen,2,0.8,1.6,2006,DISC5
1683,1,Downtown,2025-10-26,505,Marker,1,1.75,1.75,2042,DISC5
1684,3,Airport,2025-10-25,505,Marker,5,1.75,8.75,2022,
1685,2,Suburb,2025-10-19,506,Highlighter,7,0.9,6.3,2060,DISC10
1686,2,Suburb,2025-10-20,504,Folder,2,1.2,2.4,2075,
1687,3,Airport,2025-10-06,503,Stapler,2,5.25,10.5,2099,DISC5
1688,3,Airport,2025-10-28,505,Marker,5,1.75,8.75,2067,DISC5
1689,2,Suburb,2025-10-16,503,Stapler,10,5.25,52.5,2031,
1690,3,Airport,2025-10-31,504,Folder,4,1.2,4.8,2065,DISC10
1691,3,Airport,2025-10-15,503,Stapler,6,5.25,31.5,2007,DISC5
1692,3,Airport,2025-10-27,504,Folder,2,1.2,2.4,2034,DISC5
1693,1,Downtown,2025-10-31,502,Pen,7,0.8,5.6,2028,DISC5
1694,3,Airport,2025-10-19,502,Pen,8,0.8,6.4,2013,
1695,1,Downtown,2025-10-12,504,Folder,3,1.2,3.6,2025,
1696,3,Airport,2025-10-03,503,Stapler,4,5.25,21.0,2088,DISC10
1697,3,Airport,2025-10-20,505,Marker,4,1.75,7.0,2075,DISC5
1698,3,Airport,2025-10-18,503,Stapler,5,5.25,26.25,2021,
1699,1,Downtown,2025-10-02,501,Notebook,4,3.5,14.0,2090,DISC10
1700,2,Suburb,2025-10-21,505,Marker,6,1.75,10.5,2034,
1701,3,Airport,2025-10-20,506,Highlighter,9,0.9,8.1,2036,DISC10
1702,1,Downtown,2025-10-28,503,Stapler,7,5.25,36.75,2075,DISC5
1703,1,Downtown,2025-10-08,504,Folder,3,1.2,3.6,2095,
1704,3,Airport,2025-10-06,502,Pen,8,0.8,6.4,2007,
1705,2,Suburb,2025-10-12,506,Highlighter,8,0.9,7.2,2013,DISC5
1706,1,Downtown,2025-10-10,501,Notebook,9,3.5,31.5,2041,DISC10
1707,1,Downtown,2025-10-05,504,Folder,8,1.2,9.6,2089,DISC5
1708,2,Suburb,2025-10-13,505,Marker,7,1.75,12.25,2058,DISC5
1709,2,Suburb,2025-10-11,506,Highlighter,7,0.9,6.3,2085,DISC10
1710,1,Downtown,2025-10-27,503,Stapler,8,5.25,42.0,2012,
1711,2,Suburb,2025-10-27,505,Marker,2,1.75,3.5,2068,DISC10
1712,2,Suburb,2025-10-08,506,Highlighter,10,0.9,9.0,2098,DISC5
1713,2,Suburb,2025-10-26,503,Stapler,1,5.25,5.25,2091,
1714,2,Suburb,2025-10-29,501,Notebook,6,3.5,21.0,2067,DISC5
1715,1,Downtown,2025-10-10,505,Marker,2,1.75,3.5,2030,
1716,2,Suburb,2025-10-26,504,Folder,1,1.2,1.2,2065,DISC10
1717,1,Downtown,2025-10-07,504,Folder,4,1.2,4.8,2046,
1718,3,Airport,2025-10-26,501,Notebook,5,3.5,17.5,2030,DISC5
1719,1,Downtown,2025-10-19,503,Stapler,5,5.25,26.25,2007,
1720,3,Airport,2025-10-16,501,Notebook,10,3.5,35.0,2054,
1721,1,Downtown,2025-10-01,505,Marker,10,1.75,17.5,2060,
1722,1,Downtown,2025-10-17,505,Marker,4,1.75,7.0,2065,
1723,1,Downtown,2025-10-11,506,Highlighter,2,0.9,1.8,2012,
1724,3,Airport,2025-10-22,506,Highlighter,10,0.9,9.0,2099,DISC5
1725,1,Downtown,2025-10-09,502,Pen,9,0.8,7.2,2090,DISC5
1726,3,Airport,2025-10-21,501,Notebook,10,3.5,35.0,2030,DISC10
1727,3,Airport,2025-10-21,501,Notebook,3,3.5,10.5,2019,DISC5
1728,3,Airport,2025-10-13,506,Highlighter,8,0.9,7.2,2011,DISC10
1729,3,Airport,2025-10-05,502,Pen,3,0.8,2.4,2035,
1730,2,Suburb,2025-10-05,501,Notebook,7,3.5,24.5,2026,DISC5
1731,2,Suburb,2025-10-16,502,Pen,8,0.8,6.4,2028,
1732,3,Airport,2025-10-18,505,Marker,8,1.75,14.0,2068,DISC10
1733,3,Airport,2025-10-21,506,Highlighter,6,0.9,5.4,2015,DISC5
1734,1,Downtown,2025-10-15,501,Notebook,8,3.5,28.0,2000,
1735,3,Airport,2025-10-23,506,Highlighter,5,0.9,4.5,2039,
1736,3,Airport,2025-10-21,505,Marker,5,1.75,8.75,2047,
1737,1,Downtown,2025-10-02,504,Folder,6,1.2,7.2,2072,DISC10
1738,2,Suburb,2025-10-13,503,Stapler,9,5.25,47.25,2099,
1739,2,Suburb,2025-10-22,502,Pen,6,0.8,4.8,2062,DISC5
1740,3,Airport,2025-10-22,503,Stapler,2,5.25,10.5,2093,DISC10
1741,1,Downtown,2025-10-12,501,Notebook,4,3.5,14.0,2024,
1742,3,Airport,2025-10-26,505,Marker,3,1.75,5.25,2003,
1743,1,Downtown,2025-10-17,503,Stapler,8,5.25,42.0,2026,
1744,3,Airport,2025-10-14,502,Pen,7,0.8,5.6,2042,
1745,1,Downtown,2025-10-22,506,Highlighter,3,0.9,2.7,2081,DISC5
1746,3,Airport,2025-10-21,506,Highlighter,4,0.9,3.6,2006,DISC5
1747,1,Downtown,2025-10-26,505,Marker,1,1.75,1.75,2067,DISC10
1748,3,Airport,2025-10-27,506,Highlighter,4,0.9,3.6,2066,
1749,1,Downtown,2025-10-29,506,Highlighter,2,0.9,1.8,2035,
1750,3,Airport,2025-10-10,502,Pen,4,0.8,3.2,2040,DISC5
1751,1,Downtown,2025-10-22,502,Pen,3,0.8,2.4,2013,
1752,1,Downtown,2025-10-15,505,Marker,5,1.75,8.75,2010,
1753,1,Downtown,2025-10-10,506,Highlighter,9,0.9,8.1,2079,
1754,3,Airport,2025-10-19,506,Highlighter,9,0.9,8.1,2011,DISC10
1755,3,Airport,2025-10-30,502,Pen,8,0.8,6.4,2056,DISC10
1756,1,Downtown,2025-10-15,502,Pen,2,0.8,1.6,2054,
1757,3,Airport,2025-10-24,503,Stapler,10,5.25,52.5,2066,
1758,2,Suburb,2025-10-30,502,Pen,10,0.8,8.0,2051,DISC5
1759,3,Airport,2025-10-27,506,Highlighter,2,0.9,1.8,2002,
1760,3,Airport,2025-10-03,505,Marker,10,1.75,17.5,2072,DISC5
1761,1,Downtown,2025-10-17,504,Folder,2,1.2,2.4,2094,DISC5
1762,1,Downtown,2025-10-22,504,Folder,9,1.2,10.8,2088,DISC10
1763,2,Suburb,2025-10-22,502,Pen,2,0.8,1.6,2063,DISC10
1764,1,Downtown,2025-10-23,501,Notebook,8,3.5,28.0,2037,DISC5
1765,2,Suburb,2025-10-31,504,Folder,8,1.2,9.6,2099,DISC10
1766,2,Suburb,2025-10-30,502,Pen,6,0.8,4.8,2077,DISC10
1767,1,Downtown,2025-10-14,505,Marker,2,1.75,3.5,2088,DISC10
1768,1,Downtown,2025-10-15,501,Notebook,8,3.5,28.0,2025,DISC5
1769,2,Suburb,2025-10-11,503,Stapler,10,5.25,52.5,2081,DISC10
1770,1,Downtown,2025-10-09,501,Notebook,3,3.5,10.5,2044,
1771,3,Airport,2025-10-14,504,Folder,5,1.2,6.0,2018,
1772,3,Airport,2025-10-04,504,Folder,8,1.2,9.6,2066,DISC10
1773,1,Downtown,2025-10-31,502,Pen,10,0.8,8.0,2049,DISC10
1774,2,Suburb,2025-10-30,505,Marker,8,1.75,14.0,2041,DISC5
1775,3,Airport,2025-10-05,502,Pen,8,0.8,6.4,2023,
1776,3,Airport,2025-10-13,502,Pen,1,0.8,0.8,2027,DISC5
1777,3,Airport,2025-10-07,503,Stapler,9,5.25,47.25,2062,DISC5
1778,1,Downtown,2025-10-26,502,Pen,7,0.8,5.6,2017,
1779,1,Downtown,2025-10-09,506,Highlighter,1,0.9,0.9,2077,
1780,1,Downtown,2025-10-03,502,Pen,3,0.8,2.4,2054,DISC5
1781,3,Airport,2025-10-22,506,Highlighter,8,0.9,7.2,2082,DISC5
1782,3,Airport,2025-10-30,503,Stapler,7,5.25,36.75,2086,DISC5
1783,2,Suburb,2025-10-27,506,Highlighter,6,0.9,5.4,2038,
1784,1,Downtown,2025-10-21,501,Notebook,3,3.5,10.5,2065,DISC10
1785,1,Downtown,2025-10-14,503,Stapler,4,5.25,21.0,2090,DISC10
1786,3,Airport,2025-10-12,506,Highlighter,6,0.9,5.4,2094,
1787,1,Downtown,2025-10-29,502,Pen,3,0.8,2.4,2044,DISC5
1788,1,Downtown,2025-10-26,502,Pen,3,0.8,2.4,2041,DISC10
1789,3,Airport,2025-10-23,505,Marker,1,1.75,1.75,2063,DISC10
1790,1,Downtown,2025-10-11,504,Folder,2,1.2,2.4,2007,DISC5
1791,3,Airport,2025-10-19,505,Marker,5,1.75,8.75,2039,DISC5
1792,2,Suburb,2025-10-21,504,Folder,6,1.2,7.2,2025,DISC10
1793,2,Suburb,2025-10-22,505,Marker,6,1.75,10.5,2004,DISC10
1794,2,Suburb,2025-10-02,505,Marker,9,1.75,15.75,2007,DISC5
1795,1,Downtown,2025-10-10,506,Highlighter,7,0.9,6.3,2060,DISC5
1796,1,Downtown,2025-10-20,501,Notebook,10,3.5,35.0,2001,DISC10
1797,1,Downtown,2025-10-26,504,Folder,6,1.2,7.2,2094,
1798,1,Downtown,2025-10-09,502,Pen,2,0.8,1.6,2022,DISC10
1799,1,Downtown,2025-10-27,505,Marker,1,1.75,1.75,2064,DISC5
1800,3,Airport,2025-10-13,501,Notebook,9,3.5,31.5,2026,DISC5
1801,1,Downtown,2025-10-16,503,Stapler,1,5.25,5.25,2028,DISC5
1802,2,Suburb,2025-10-12,504,Folder,8,1.2,9.6,2094,DISC10
1803,1,Downtown,2025-10-20,501,Notebook,5,3.5,17.5,2074,DISC10
1804,1,Downtown,2025-10-13,504,Folder,10,1.2,12.0,2087,
1805,1,Downtown,2025-10-16,503,Stapler,2,5.25,10.5,2021,
1806,3,Airport,2025-10-21,501,Notebook,7,3.5,24.5,2091,DISC5
1807,3,Airport,2025-10-07,506,Highlighter,4,0.9,3.6,2036,DISC5
1808,2,Suburb,2025-10-31,505,Marker,10,1.75,17.5,2014,
1809,3,Airport,2025-10-21,506,Highlighter,6,0.9,5.4,2074,DISC5
1810,3,Airport,2025-10-21,502,Pen,3,0.8,2.4,2005,DISC10
1811,1,Downtown,2025-10-22,502,Pen,9,0.8,7.2,2071,
1812,2,Suburb,2025-10-01,504,Folder,7,1.2,8.4,2039,
1813,2,Suburb,2025-10-20,501,Notebook,2,3.5,7.0,2019,DISC5
1814,1,Downtown,2025-10-08,506,Highlighter,1,0.9,0.9,2027,DISC5
1815,2,Suburb,2025-10-09,504,Folder,8,1.2,9.6,2047,DISC10
1816,3,Airport,2025-10-17,501,Notebook,3,3.5,10.5,2047,DISC10
1817,1,Downtown,2025-10-14,501,Notebook,9,3.5,31.5,2028,DISC10
1818,2,Suburb,2025-10-26,504,Folder,10,1.2,12.0,2093,DISC10
1819,1,Downtown,2025-10-09,504,Folder,3,1.2,3.6,2024,
1820,1,Downtown,2025-10-29,506,Highlighter,5,0.9,4.5,2028,DISC5
1821,1,Downtown,2025-10-03,506,Highlighter,6,0.9,5.4,2015,DISC10
1822,1,Downtown,2025-10-26,502,Pen,5,0.8,4.0,2025,DISC10
1823,3,Airport,2025-10-06,502,Pen,7,0.8,5.6,2040,DISC5
1824,1,Downtown,2025-10-31,503,Stapler,10,5.25,52.5,2043,DISC10
1825,3,Airport,2025-10-19,504,Folder,8,1.2,9.6,2060,DISC5
1826,1,Downtown,2025-10-09,501,Notebook,2,3.5,7.0,2069,DISC5
1827,1,Downtown,2025-10-20,506,Highlighter,6,0.9,5.4,2041,DISC5
1828,2,Suburb,2025-10-27,502,Pen,6,0.8,4.8,2085,
1829,3,Airport,2025-10-16,505,Marker,9,1.75,15.75,2023,
1830,1,Downtown,2025-10-09,506,Highlighter,6,0.9,5.4,2009,DISC5
1831,2,Suburb,2025-10-21,501,Notebook,5,3.5,17.5,2079,DISC5
1832,3,Airport,2025-10-05,504,Folder,5,1.2,6.0,2030,DISC5
1833,3,Airport,2025-10-07,504,Folder,9,1.2,10.8,2030,DISC10
1834,2,Suburb,2025-10-27,505,Marker,9,1.75,15.75,2042,DISC10
1835,2,Suburb,2025-10-25,504,Folder,4,1.2,4.8,2005,DISC10
1836,1,Downtown,2025-10-06,503,Stapler,10,5.25,52.5,2003,
1837,3,Airport,2025-10-10,505,Marker,3,1.75,5.25,2031,DISC10
1838,2,Suburb,2025-10-09,504,Folder,6,1.2,7.2,2093,
1839,1,Downtown,2025-10-11,502,Pen,2,0.8,1.6,2022,DISC5
1840,3,Airport,2025-10-05,502,Pen,10,0.8,8.0,2010,DISC5
1841,1,Downtown,2025-10-01,506,Highlighter,7,0.9,6.3,2065,DISC5
1842,2,Suburb,2025-10-28,505,Marker,2,1.75,3.5,2085,DISC10
1843,3,Airport,2025-10-21,504,Folder,1,1.2,1.2,2084,DISC10
1844,1,Downtown,2025-10-25,501,Notebook,3,3.5,10.5,2005,
1845,2,Suburb,2025-10-06,501,Notebook,6,3.5,21.0,2037,DISC10
1846,1,Downtown,2025-10-23,502,Pen,9,0.8,7.2,2100,
1847,2,Suburb,2025-10-09,501,Notebook,6,3.5,21.0,2057,DISC10
1848,3,Airport,2025-10-08,505,Marker,4,1.75,7.0,2060,DISC5
1849,1,Downtown,2025-10-31,502,Pen,7,0.8,5.6,2034,
1850,3,Airport,2025-10-17,501,Notebook,5,3.5,17.5,2068,DISC5
1851,2,Suburb,2025-10-16,502,Pen,8,0.8,6.4,2012,DISC10
1852,3,Airport,2025-10-07,502,Pen,1,0.8,0.8,2045,DISC5
1853,3,Airport,2025-10-29,501,Notebook,1,3.5,3.5,2065,DISC10
1854,3,Airport,2025-10-03,504,Folder,1,1.2,1.2,2013,
1855,2,Suburb,2025-10-03,504,Folder,6,1.2,7.2,2001,DISC5
1856,1,Downtown,2025-10-30,505,Marker,3,1.75,5.25,2099,DISC5
1857,3,Airport,2025-10-15,501,Notebook,5,3.5,17.5,2074,
1858,2,Suburb,2025-10-26,505,Marker,1,1.75,1.75,2084,DISC5
1859,1,Downtown,2025-10-17,504,Folder,1,1.2,1.2,2012,DISC10
1860,1,Downtown,2025-10-06,505,Marker,2,1.75,3.5,2027,DISC5
1861,1,Downtown,2025-10-09,505,Marker,5,1.75,8.75,2021,DISC10
1862,1,Downtown,2025-10-30,502,Pen,8,0.8,6.4,2098,DISC5
1863,1,Downtown,2025-10-08,501,Notebook,7,3.5,24.5,2021,DISC10
1864,2,Suburb,2025-10-07,503,Stapler,9,5.25,47.25,2094,DISC10
1865,1,Downtown,2025-10-02,505,Marker,10,1.75,17.5,2035,DISC10
1866,1,Downtown,2025-10-12,503,Stapler,7,5.25,36.75,2035,
1867,2,Suburb,2025-10-11,504,Folder,7,1.2,8.4,2070,
1868,3,Airport,2025-10-26,506,Highlighter,3,0.9,2.7,2037,DISC5
1869,3,Airport,2025-10-10,502,Pen,4,0.8,3.2,2082,
1870,3,Airport,2025-10-01,504,Folder,5,1.2,6.0,2086,DISC5
1871,2,Suburb,2025-10-21,506,Highlighter,2,0.9,1.8,2046,DISC5
1872,1,Downtown,2025-10-09,504,Folder,7,1.2,8.4,2038,
1873,1,Downtown,2025-10-26,506,Highlighter,7,0.9,6.3,2029,
1874,3,Airport,2025-10-27,501,Notebook,10,3.5,35.0,2048,DISC5
1875,3,Airport,2025-10-07,506,Highlighter,2,0.9,1.8,2033,DISC5
1876,1,Downtown,2025-10-15,504,Folder,8,1.2,9.6,2057,DISC10
1877,3,Airport,2025-10-21,505,Marker,8,1.75,14.0,2043,
1878,2,Suburb,2025-10-29,502,Pen,1,0.8,0.8,2029,
1879,3,Airport,2025-10-12,503,Stapler,3,5.25,15.75,2027,DISC10
1880,3,Airport,2025-10-11,505,Marker,4,1.75,7.0,2022,DISC5
1881,3,Airport,2025-10-15,502,Pen,1,0.8,0.8,2058,DISC5
1882,3,Airport,2025-10-18,502,Pen,6,0.8,4.8,2019,
1883,1,Downtown,2025-10-03,502,Pen,7,0.8,5.6,2037,DISC5
1884,2,Suburb,2025-10-20,501,Notebook,2,3.5,7.0,2074,DISC5
1885,2,Suburb,2025-10-22,504,Folder,2,1.2,2.4,2015,
1886,2,Suburb,2025-10-22,503,Stapler,8,5.25,42.0,2013,
1887,1,Downtown,2025-10-07,501,Notebook,4,3.5,14.0,2039,
1888,1,Downtown,2025-10-22,504,Folder,8,1.2,9.6,2077,DISC5
1889,3,Airport,2025-10-14,504,Folder,5,1.2,6.0,2005,DISC5
1890,1,Downtown,2025-10-20,506,Highlighter,7,0.9,6.3,2034,
1891,2,Suburb,2025-10-06,501,Notebook,2,3.5,7.0,2056,DISC10
1892,3,Airport,2025-10-01,505,Marker,10,1.75,17.5,2046,DISC10
1893,3,Airport,2025-10-11,506,Highlighter,8,0.9,7.2,2000,DISC5
1894,2,Suburb,2025-10-20,502,Pen,6,0.8,4.8,2068,DISC10
1895,1,Downtown,2025-10-19,506,Highlighter,8,0.9,7.2,2031,DISC10
1896,3,Airport,2025-10-29,505,Marker,5,1.75,8.75,2032,
1897,2,Suburb,2025-10-14,502,Pen,1,0.8,0.8,2043,DISC5
1898,3,Airport,2025-10-01,502,Pen,5,0.8,4.0,2067,
1899,3,Airport,2025-10-10,504,Folder,7,1.2,8.4,2072,
1900,3,Airport,2025-10-31,502,Pen,3,0.8,2.4,2083,
1901,2,Suburb,2025-10-30,505,Marker,3,1.75,5.25,2058,DISC5
1902,3,Airport,2025-10-17,501,Notebook,7,3.5,24.5,2007,
1903,3,Airport,2025-10-21,501,Notebook,6,3.5,21.0,2022,DISC5
1904,3,Airport,2025-10-23,501,Notebook,4,3.5,14.0,2052,DISC5
1905,2,Suburb,2025-10-05,504,Folder,1,1.2,1.2,2064,DISC5
1906,3,Airport,2025-10-05,502,Pen,10,0.8,8.0,2100,DISC10
1907,3,Airport,2025-10-30,504,Folder,1,1.2,1.2,2047,DISC10
1908,3,Airport,2025-10-03,505,Marker,4,1.75,7.0,2028,DISC5
1909,1,Downtown,2025-10-24,502,Pen,10,0.8,8.0,2072,DISC5
1910,1,Downtown,2025-10-09,501,Notebook,10,3.5,35.0,2056,DISC5
1911,1,Downtown,2025-10-07,506,Highlighter,8,0.9,7.2,2050,
1912,2,Suburb,2025-10-14,502,Pen,8,0.8,6.4,2076,DISC10
1913,2,Suburb,2025-10-13,502,Pen,8,0.8,6.4,2005,DISC5
1914,3,Airport,2025-10-09,506,Highlighter,5,0.9,4.5,2065,DISC5
1915,2,Suburb,2025-10-08,505,Marker,8,1.75,14.0,2067,
1916,1,Downtown,2025-10-01,503,Stapler,4,5.25,21.0,2050,DISC10
1917,3,Airport,2025-10-30,504,Folder,3,1.2,3.6,2002,DISC10
1918,1,Downtown,2025-10-05,503,Stapler,2,5.25,10.5,2096,
1919,3,Airport,2025-10-26,502,Pen,1,0.8,0.8,2048,DISC5
1920,3,Airport,2025-10-23,501,Notebook,10,3.5,35.0,2093,DISC10
1921,2,Suburb,2025-10-11,504,Folder,2,1.2,2.4,2038,DISC5
1922,1,Downtown,2025-10-22,501,Notebook,3,3.5,10.5,2053,DISC5
1923,3,Airport,2025-10-25,505,Marker,2,1.75,3.5,2049,DISC5
1924,2,Suburb,2025-10-15,506,Highlighter,6,0.9,5.4,2075,DISC10
1925,1,Downtown,2025-10-07,504,Folder,4,1.2,4.8,2002,
1926,3,Airport,2025-10-08,506,Highlighter,3,0.9,2.7,2058,DISC5
1927,3,Airport,2025-10-13,503,Stapler,7,5.25,36.75,2068,DISC10
1928,1,Downtown,2025-10-04,506,Highlighter,5,0.9,4.5,2042,DISC5
1929,3,Airport,2025-10-25,505,Marker,2,1.75,3.5,2005,
1930,3,Airport,2025-10-28,501,Notebook,10,3.5,35.0,2091,
1931,3,Airport,2025-10-23,501,Notebook,1,3.5,3.5,2077,DISC5
1932,3,Airport,2025-10-28,504,Folder,4,1.2,4.8,2055,DISC5
1933,3,Airport,2025-10-09,501,Notebook,7,3.5,24.5,2045,DISC10
1934,3,Airport,2025-10-22,502,Pen,4,0.8,3.2,2091,
1935,2,Suburb,2025-10-15,501,Notebook,6,3.5,21.0,2007,DISC5
1936,2,Suburb,2025-10-15,505,Marker,7,1.75,12.25,2077,DISC10
1937,2,Suburb,2025-10-11,506,Highlighter,9,0.9,8.1,2070,DISC5
1938,3,Airport,2025-10-09,503,Stapler,10,5.25,52.5,2092,DISC10
1939,3,Airport,2025-10-15,504,Folder,3,1.2,3.6,2072,
1940,1,Downtown,2025-10-15,501,Notebook,1,3.5,3.5,2088,
1941,3,Airport,2025-10-03,505,Marker,9,1.75,15.75,2057,DISC5
1942,1,Downtown,2025-10-15,501,Notebook,7,3.5,24.5,2041,DISC5
1943,3,Airport,2025-10-11,506,Highlighter,2,0.9,1.8,2084,
1944,3,Airport,2025-10-09,502,Pen,6,0.8,4.8,2032,DISC5
1945,3,Airport,2025-10-04,501,Notebook,10,3.5,35.0,2021,DISC5
1946,1,Downtown,2025-10-12,501,Notebook,8,3.5,28.0,2089,
1947,2,Suburb,2025-10-25,504,Folder,9,1.2,10.8,2096,DISC5
1948,3,Airport,2025-10-04,506,Highlighter,9,0.9,8.1,2040,DISC10
1949,3,Airport,2025-10-12,504,Folder,5,1.2,6.0,2088,DISC10
1950,1,Downtown,2025-10-12,501,Notebook,3,3.5,10.5,2000,DISC10
1951,3,Airport,2025-10-20,502,Pen,1,0.8,0.8,2065,DISC10
1952,1,Downtown,2025-10-08,505,Marker,6,1.75,10.5,2057,DISC10
1953,2,Suburb,2025-10-10,501,Notebook,3,3.5,10.5,2093,
1954,1,Downtown,2025-10-02,501,Notebook,6,3.5,21.0,2051,
1955,2,Suburb,2025-10-06,504,Folder,6,1.2,7.2,2051,DISC10
1956,2,Suburb,2025-10-15,502,Pen,4,0.8,3.2,2078,
1957,2,Suburb,2025-10-23,505,Marker,3,1.75,5.25,2062,
1958,3,Airport,2025-10-30,506,Highlighter,1,0.9,0.9,2033,
1959,3,Airport,2025-10-28,503,Stapler,10,5.25,52.5,2050,
1960,1,Downtown,2025-10-07,504,Folder,2,1.2,2.4,2077,
1961,2,Suburb,2025-10-10,505,Marker,10,1.75,17.5,2019,DISC5
1962,3,Airport,2025-10-12,501,Notebook,6,3.5,21.0,2053,DISC5
1963,2,Suburb,2025-10-25,503,Stapler,3,5.25,15.75,2063,DISC5
1964,1,Downtown,2025-10-01,503,Stapler,6,5.25,31.5,2014,
1965,3,Airport,2025-10-20,502,Pen,7,0.8,5.6,2098,DISC5
1966,3,Airport,2025-10-27,504,Folder,4,1.2,4.8,2076,DISC10
1967,1,Downtown,2025-10-27,501,Notebook,4,3.5,14.0,2011,DISC10
1968,1,Downtown,2025-10-05,505,Marker,6,1.75,10.5,2035,DISC5
1969,2,Suburb,2025-10-18,501,Notebook,2,3.5,7.0,2089,DISC10
1970,3,Airport,2025-10-02,501,Notebook,1,3.5,3.5,2072,DISC10
1971,3,Airport,2025-10-31,505,Marker,7,1.75,12.25,2073,DISC5
1972,3,Airport,2025-10-26,504,Folder,4,1.2,4.8,2045,
1973,1,Downtown,2025-10-26,502,Pen,5,0.8,4.0,2015,DISC10
1974,1,Downtown,2025-10-05,501,Notebook,6,3.5,21.0,2053,DISC5
1975,1,Downtown,2025-10-07,506,Highlighter,1,0.9,0.9,2051,DISC10
1976,3,Airport,2025-10-01,504,Folder,1,1.2,1.2,2019,DISC5
1977,3,Airport,2025-10-10,506,Highlighter,8,0.9,7.2,2095,DISC10
1978,2,Suburb,2025-10-07,502,Pen,9,0.8,7.2,2012,
1979,1,Downtown,2025-10-27,502,Pen,9,0.8,7.2,2083,DISC10
1980,3,Airport,2025-10-24,506,Highlighter,8,0.9,7.2,2064,
1981,2,Suburb,2025-10-31,502,Pen,2,0.8,1.6,2076,DISC10
1982,1,Downtown,2025-10-17,504,Folder,2,1.2,2.4,2075,DISC5
1983,2,Suburb,2025-10-08,501,Notebook,10,3.5,35.0,2027,DISC5
1984,2,Suburb,2025-10-09,504,Folder,9,1.2,10.8,2037,
1985,3,Airport,2025-10-17,503,Stapler,7,5.25,36.75,2019,DISC5
1986,2,Suburb,2025-10-31,503,Stapler,5,5.25,26.25,2065,
1987,1,Downtown,2025-10-03,506,Highlighter,9,0.9,8.1,2085,
1988,3,Airport,2025-10-11,501,Notebook,5,3.5,17.5,2094,DISC10
1989,3,Airport,2025-10-28,501,Notebook,6,3.5,21.0,2020,DISC5
1990,2,Suburb,2025-10-16,505,Marker,4,1.75,7.0,2019,DISC5
1991,2,Suburb,2025-10-28,503,Stapler,1,5.25,5.25,2056,DISC5
1992,1,Downtown,2025-10-02,503,Stapler,3,5.25,15.75,2014,DISC5
1993,3,Airport,2025-10-18,505,Marker,8,1.75,14.0,2014,DISC5
1994,1,Downtown,2025-10-25,501,Notebook,10,3.5,35.0,2061,
1995,1,Downtown,2025-10-10,501,Notebook,7,3.5,24.5,2095,
1996,1,Downtown,2025-10-27,504,Folder,3,1.2,3.6,2017,
1997,3,Airport,2025-10-29,503,Stapler,6,5.25,31.5,2076,DISC5
1998,1,Downtown,2025-10-18,501,Notebook,4,3.5,14.0,2082,
1999,3,Airport,2025-10-24,506,Highlighter,10,0.9,9.0,2062,
2000,2,Suburb,2025-10-16,505,Marker,2,1.75,3.5,2074,DISC10
